{"name":"vendors_graph_91f1ae18da13a29c9f50","content":{"../../node_modules/zrender/lib/core/util.js":{"id":18,"buildMeta":{"providedExports":true}},"../../node_modules/echarts/lib/echarts.js":{"id":28,"buildMeta":{"providedExports":true}},"../../node_modules/echarts/lib/util/graphic.js":{"id":38,"buildMeta":{"providedExports":true}},"../../node_modules/echarts/lib/util/number.js":{"id":44,"buildMeta":{"providedExports":true}},"../../node_modules/echarts/lib/util/model.js":{"id":51,"buildMeta":{"providedExports":true}},"../../node_modules/echarts/lib/config.js":{"id":66,"buildMeta":{"providedExports":true}},"../../node_modules/webpack/buildin/global.js":{"id":73,"buildMeta":{"providedExports":true}},"../../node_modules/echarts/lib/util/layout.js":{"id":85,"buildMeta":{"providedExports":true}},"../../node_modules/zrender/lib/core/vector.js":{"id":95,"buildMeta":{"providedExports":true}},"../../node_modules/zrender/lib/core/BoundingRect.js":{"id":100,"buildMeta":{"providedExports":true}},"../../node_modules/echarts/lib/util/format.js":{"id":101,"buildMeta":{"providedExports":true}},"../../node_modules/zrender/lib/graphic/Path.js":{"id":112,"buildMeta":{"providedExports":true}},"../../node_modules/zrender/lib/core/env.js":{"id":118,"buildMeta":{"providedExports":true}},"../../node_modules/echarts/lib/model/Model.js":{"id":119,"buildMeta":{"providedExports":true}},"../../node_modules/echarts/lib/model/Component.js":{"id":123,"buildMeta":{"providedExports":true}},"../../node_modules/echarts/lib/model/Series.js":{"id":124,"buildMeta":{"providedExports":true}},"../../node_modules/zrender/lib/core/matrix.js":{"id":152,"buildMeta":{"providedExports":true}},"../../node_modules/zrender/lib/contain/text.js":{"id":185,"buildMeta":{"providedExports":true}},"../../node_modules/echarts/lib/data/List.js":{"id":186,"buildMeta":{"providedExports":true}},"../../node_modules/echarts/lib/util/symbol.js":{"id":187,"buildMeta":{"providedExports":true}},"../../node_modules/echarts/lib/CoordinateSystem.js":{"id":199,"buildMeta":{"providedExports":true}},"../../node_modules/echarts/lib/coord/axisHelper.js":{"id":200,"buildMeta":{"providedExports":true}},"../../node_modules/zrender/lib/core/event.js":{"id":210,"buildMeta":{"providedExports":true}},"../../node_modules/zrender/lib/tool/color.js":{"id":211,"buildMeta":{"providedExports":true}},"../../node_modules/echarts/lib/view/Chart.js":{"id":212,"buildMeta":{"providedExports":true}},"../../node_modules/echarts/lib/data/helper/dataStackHelper.js":{"id":213,"buildMeta":{"providedExports":true}},"../../node_modules/echarts/lib/util/clazz.js":{"id":248,"buildMeta":{"providedExports":true}},"../../node_modules/echarts/lib/data/helper/sourceHelper.js":{"id":249,"buildMeta":{"providedExports":true}},"../../node_modules/echarts/lib/chart/helper/createListFromArray.js":{"id":250,"buildMeta":{"providedExports":true}},"../../node_modules/zrender/lib/core/curve.js":{"id":284,"buildMeta":{"providedExports":true}},"../../node_modules/echarts/lib/util/throttle.js":{"id":285,"buildMeta":{"providedExports":true}},"../../node_modules/echarts/lib/lang.js":{"id":286,"buildMeta":{"providedExports":true}},"../../node_modules/echarts/lib/coord/Axis.js":{"id":287,"buildMeta":{"providedExports":true}},"../../node_modules/echarts/lib/component/axis/AxisBuilder.js":{"id":288,"buildMeta":{"providedExports":true}},"../../node_modules/echarts/lib/component/toolbox/featureManager.js":{"id":289,"buildMeta":{"providedExports":true}},"../../node_modules/zrender/lib/mixin/Eventful.js":{"id":341,"buildMeta":{"providedExports":true}},"../../node_modules/zrender/lib/graphic/Text.js":{"id":342,"buildMeta":{"providedExports":true}},"../../node_modules/echarts/lib/data/helper/dataProvider.js":{"id":343,"buildMeta":{"providedExports":true}},"../../node_modules/echarts/lib/data/DataDiffer.js":{"id":344,"buildMeta":{"providedExports":true}},"../../node_modules/echarts/lib/visual/symbol.js":{"id":345,"buildMeta":{"providedExports":true}},"../../node_modules/echarts/lib/component/axis/AxisView.js":{"id":346,"buildMeta":{"providedExports":true}},"../../node_modules/echarts/lib/chart/helper/treeHelper.js":{"id":347,"buildMeta":{"providedExports":true}},"../../node_modules/echarts/lib/visual/VisualMapping.js":{"id":348,"buildMeta":{"providedExports":true}},"../../node_modules/zrender/lib/container/Group.js":{"id":394,"buildMeta":{"providedExports":true}},"../../node_modules/zrender/lib/graphic/Image.js":{"id":395,"buildMeta":{"providedExports":true}},"../../node_modules/echarts/lib/model/mixin/makeStyleMapper.js":{"id":396,"buildMeta":{"providedExports":true}},"../../node_modules/zrender/lib/core/PathProxy.js":{"id":397,"buildMeta":{"providedExports":true}},"../../node_modules/echarts/lib/chart/helper/createRenderPlanner.js":{"id":398,"buildMeta":{"providedExports":true}},"../../node_modules/echarts/lib/data/helper/createDimensions.js":{"id":399,"buildMeta":{"providedExports":true}},"../../node_modules/echarts/lib/coord/axisModelCommonMixin.js":{"id":400,"buildMeta":{"providedExports":true}},"../../node_modules/echarts/lib/chart/helper/createListSimply.js":{"id":401,"buildMeta":{"providedExports":true}},"../../node_modules/echarts/lib/component/helper/sliderMove.js":{"id":402,"buildMeta":{"providedExports":true}},"../../node_modules/echarts/lib/component/dataZoom/DataZoomModel.js":{"id":403,"buildMeta":{"providedExports":true}},"../../node_modules/echarts/lib/component/dataZoom/DataZoomView.js":{"id":404,"buildMeta":{"providedExports":true}},"../../node_modules/zrender/lib/core/log.js":{"id":499,"buildMeta":{"providedExports":true}},"../../node_modules/zrender/lib/graphic/Displayable.js":{"id":500,"buildMeta":{"providedExports":true}},"../../node_modules/echarts/lib/util/component.js":{"id":501,"buildMeta":{"providedExports":true}},"../../node_modules/echarts/lib/data/Source.js":{"id":502,"buildMeta":{"providedExports":true}},"../../node_modules/echarts/lib/data/helper/sourceType.js":{"id":503,"buildMeta":{"providedExports":true}},"../../node_modules/echarts/lib/data/helper/dimensionHelper.js":{"id":504,"buildMeta":{"providedExports":true}},"../../node_modules/echarts/lib/chart/helper/SymbolDraw.js":{"id":505,"buildMeta":{"providedExports":true}},"../../node_modules/echarts/lib/chart/helper/createClipPathFromCoordSys.js":{"id":506,"buildMeta":{"providedExports":true}},"../../node_modules/echarts/lib/layout/points.js":{"id":507,"buildMeta":{"providedExports":true}},"../../node_modules/echarts/lib/component/gridSimple.js":{"id":508,"buildMeta":{"providedExports":true}},"../../node_modules/echarts/lib/visual/LegendVisualProvider.js":{"id":509,"buildMeta":{"providedExports":true}},"../../node_modules/echarts/lib/processor/dataFilter.js":{"id":510,"buildMeta":{"providedExports":true}},"../../node_modules/echarts/lib/component/helper/RoamController.js":{"id":511,"buildMeta":{"providedExports":true}},"../../node_modules/echarts/lib/component/axisPointer.js":{"id":512,"buildMeta":{"providedExports":true}},"../../node_modules/zrender/lib/zrender.js":{"id":622,"buildMeta":{"providedExports":true}},"../../node_modules/zrender/lib/config.js":{"id":623,"buildMeta":{"providedExports":true}},"../../node_modules/zrender/lib/graphic/constant.js":{"id":624,"buildMeta":{"providedExports":true}},"../../node_modules/zrender/lib/graphic/helper/text.js":{"id":625,"buildMeta":{"providedExports":true}},"../../node_modules/zrender/lib/core/bbox.js":{"id":626,"buildMeta":{"providedExports":true}},"../../node_modules/zrender/lib/graphic/Gradient.js":{"id":627,"buildMeta":{"providedExports":true}},"../../node_modules/echarts/lib/view/Component.js":{"id":628,"buildMeta":{"providedExports":true}},"../../node_modules/echarts/lib/scale/Scale.js":{"id":629,"buildMeta":{"providedExports":true}},"../../node_modules/echarts/lib/scale/Interval.js":{"id":630,"buildMeta":{"providedExports":true}},"../../node_modules/echarts/lib/layout/barGrid.js":{"id":631,"buildMeta":{"providedExports":true}},"../../node_modules/echarts/lib/chart/helper/Symbol.js":{"id":632,"buildMeta":{"providedExports":true}},"../../node_modules/echarts/lib/coord/axisModelCreator.js":{"id":633,"buildMeta":{"providedExports":true}},"../../node_modules/echarts/lib/component/axisPointer/modelHelper.js":{"id":634,"buildMeta":{"providedExports":true}},"../../node_modules/echarts/lib/visual/dataColor.js":{"id":635,"buildMeta":{"providedExports":true}},"../../node_modules/echarts/lib/coord/geo/geoSourceManager.js":{"id":636,"buildMeta":{"providedExports":true}},"../../node_modules/echarts/lib/component/helper/cursorHelper.js":{"id":637,"buildMeta":{"providedExports":true}},"../../node_modules/echarts/lib/component/axisPointer/viewHelper.js":{"id":638,"buildMeta":{"providedExports":true}},"../../node_modules/echarts/lib/visual/visualSolution.js":{"id":639,"buildMeta":{"providedExports":true}},"../../node_modules/zrender/lib/mixin/Transformable.js":{"id":927,"buildMeta":{"providedExports":true}},"../../node_modules/zrender/lib/core/timsort.js":{"id":928,"buildMeta":{"providedExports":true}},"../../node_modules/zrender/lib/graphic/Style.js":{"id":929,"buildMeta":{"providedExports":true}},"../../node_modules/zrender/lib/graphic/helper/image.js":{"id":930,"buildMeta":{"providedExports":true}},"../../node_modules/zrender/lib/graphic/shape/Rect.js":{"id":931,"buildMeta":{"providedExports":true}},"../../node_modules/zrender/lib/graphic/helper/subPixelOptimize.js":{"id":932,"buildMeta":{"providedExports":true}},"../../node_modules/zrender/lib/graphic/LinearGradient.js":{"id":933,"buildMeta":{"providedExports":true}},"../../node_modules/zrender/lib/graphic/IncrementalDisplayable.js":{"id":934,"buildMeta":{"providedExports":true}},"../../node_modules/echarts/lib/model/mixin/dataFormat.js":{"id":935,"buildMeta":{"providedExports":true}},"../../node_modules/echarts/lib/stream/task.js":{"id":936,"buildMeta":{"providedExports":true}},"../../node_modules/echarts/lib/coord/geo/mapDataStorage.js":{"id":937,"buildMeta":{"providedExports":true}},"../../node_modules/echarts/lib/chart/helper/labelHelper.js":{"id":938,"buildMeta":{"providedExports":true}},"../../node_modules/echarts/lib/coord/cartesian/Grid.js":{"id":939,"buildMeta":{"providedExports":true}},"../../node_modules/echarts/lib/component/helper/selectableMixin.js":{"id":940,"buildMeta":{"providedExports":true}},"../../node_modules/echarts/lib/component/helper/roamHelper.js":{"id":941,"buildMeta":{"providedExports":true}},"../../node_modules/echarts/lib/action/roamHelper.js":{"id":942,"buildMeta":{"providedExports":true}},"../../node_modules/echarts/lib/coord/geo/geoCreator.js":{"id":943,"buildMeta":{"providedExports":true}},"../../node_modules/echarts/lib/coord/View.js":{"id":944,"buildMeta":{"providedExports":true}},"../../node_modules/echarts/lib/data/Tree.js":{"id":945,"buildMeta":{"providedExports":true}},"../../node_modules/echarts/lib/chart/helper/LineDraw.js":{"id":946,"buildMeta":{"providedExports":true}},"../../node_modules/echarts/lib/chart/helper/Line.js":{"id":947,"buildMeta":{"providedExports":true}},"../../node_modules/echarts/lib/chart/graph/graphHelper.js":{"id":948,"buildMeta":{"providedExports":true}},"../../node_modules/echarts/lib/component/helper/BrushController.js":{"id":949,"buildMeta":{"providedExports":true}},"../../node_modules/echarts/lib/component/axisPointer/BaseAxisPointer.js":{"id":950,"buildMeta":{"providedExports":true}},"../../node_modules/echarts/lib/coord/polar/polarCreator.js":{"id":951,"buildMeta":{"providedExports":true}},"../../node_modules/echarts/lib/component/dataZoom/typeDefaulter.js":{"id":952,"buildMeta":{"providedExports":true}},"../../node_modules/echarts/lib/component/dataZoom/helper.js":{"id":953,"buildMeta":{"providedExports":true}},"../../node_modules/echarts/lib/component/dataZoom/dataZoomProcessor.js":{"id":954,"buildMeta":{"providedExports":true}},"../../node_modules/echarts/lib/component/dataZoom/dataZoomAction.js":{"id":955,"buildMeta":{"providedExports":true}},"../../node_modules/echarts/lib/component/marker/MarkerModel.js":{"id":956,"buildMeta":{"providedExports":true}},"../../node_modules/echarts/lib/component/marker/markerHelper.js":{"id":957,"buildMeta":{"providedExports":true}},"../../node_modules/echarts/lib/component/marker/MarkerView.js":{"id":958,"buildMeta":{"providedExports":true}},"../../node_modules/zrender/lib/svg/graphic.js":{"id":959,"buildMeta":{"providedExports":true}},"../../node_modules/zrender/lib/svg/core.js":{"id":960,"buildMeta":{"providedExports":true}},"../../node_modules/zrender/lib/svg/helper/Definable.js":{"id":961,"buildMeta":{"providedExports":true}},"../../node_modules/zrender/lib/core/guid.js":{"id":1507,"buildMeta":{"providedExports":true}},"../../node_modules/zrender/lib/Element.js":{"id":1508,"buildMeta":{"providedExports":true}},"../../node_modules/zrender/lib/animation/Animator.js":{"id":1509,"buildMeta":{"providedExports":true}},"../../node_modules/zrender/lib/core/LRU.js":{"id":1510,"buildMeta":{"providedExports":true}},"../../node_modules/zrender/lib/graphic/helper/fixShadow.js":{"id":1511,"buildMeta":{"providedExports":true}},"../../node_modules/zrender/lib/graphic/Pattern.js":{"id":1512,"buildMeta":{"providedExports":true}},"../../node_modules/zrender/lib/animation/requestAnimationFrame.js":{"id":1513,"buildMeta":{"providedExports":true}},"../../node_modules/zrender/lib/graphic/mixin/RectText.js":{"id":1514,"buildMeta":{"providedExports":true}},"../../node_modules/zrender/lib/graphic/helper/roundRect.js":{"id":1515,"buildMeta":{"providedExports":true}},"../../node_modules/echarts/lib/model/Global.js":{"id":1516,"buildMeta":{"providedExports":true}},"../../node_modules/zrender/lib/tool/path.js":{"id":1517,"buildMeta":{"providedExports":true}},"../../node_modules/zrender/lib/contain/line.js":{"id":1518,"buildMeta":{"providedExports":true}},"../../node_modules/zrender/lib/contain/quadratic.js":{"id":1519,"buildMeta":{"providedExports":true}},"../../node_modules/zrender/lib/contain/util.js":{"id":1520,"buildMeta":{"providedExports":true}},"../../node_modules/zrender/lib/contain/windingLine.js":{"id":1521,"buildMeta":{"providedExports":true}},"../../node_modules/zrender/lib/graphic/shape/Circle.js":{"id":1522,"buildMeta":{"providedExports":true}},"../../node_modules/zrender/lib/graphic/helper/fixClipWithShadow.js":{"id":1523,"buildMeta":{"providedExports":true}},"../../node_modules/zrender/lib/graphic/shape/Polygon.js":{"id":1524,"buildMeta":{"providedExports":true}},"../../node_modules/zrender/lib/graphic/helper/poly.js":{"id":1525,"buildMeta":{"providedExports":true}},"../../node_modules/zrender/lib/graphic/shape/Polyline.js":{"id":1526,"buildMeta":{"providedExports":true}},"../../node_modules/zrender/lib/graphic/shape/Line.js":{"id":1527,"buildMeta":{"providedExports":true}},"../../node_modules/echarts/lib/model/mixin/colorPalette.js":{"id":1528,"buildMeta":{"providedExports":true}},"../../node_modules/echarts/lib/ExtensionAPI.js":{"id":1529,"buildMeta":{"providedExports":true}},"../../node_modules/echarts/lib/component/dataset.js":{"id":1530,"buildMeta":{"providedExports":true}},"../../node_modules/zrender/lib/tool/parseSVG.js":{"id":1531,"buildMeta":{"providedExports":true}},"../../node_modules/echarts/lib/export.js":{"id":1532,"buildMeta":{"providedExports":true}},"../../node_modules/echarts/lib/data/DataDimensionInfo.js":{"id":1533,"buildMeta":{"providedExports":true}},"../../node_modules/echarts/lib/data/helper/completeDimensions.js":{"id":1534,"buildMeta":{"providedExports":true}},"../../node_modules/echarts/lib/data/OrdinalMeta.js":{"id":1535,"buildMeta":{"providedExports":true}},"../../node_modules/echarts/lib/scale/helper.js":{"id":1536,"buildMeta":{"providedExports":true}},"../../node_modules/echarts/lib/scale/Log.js":{"id":1537,"buildMeta":{"providedExports":true}},"../../node_modules/echarts/lib/coord/geo/parseGeoJson.js":{"id":1538,"buildMeta":{"providedExports":true}},"../../node_modules/echarts/lib/coord/geo/Region.js":{"id":1539,"buildMeta":{"providedExports":true}},"../../node_modules/zrender/lib/contain/polygon.js":{"id":1540,"buildMeta":{"providedExports":true}},"../../node_modules/echarts/lib/chart/line/helper.js":{"id":1541,"buildMeta":{"providedExports":true}},"../../node_modules/echarts/lib/chart/line/poly.js":{"id":1542,"buildMeta":{"providedExports":true}},"../../node_modules/echarts/lib/coord/cartesian/AxisModel.js":{"id":1543,"buildMeta":{"providedExports":true}},"../../node_modules/echarts/lib/coord/axisDefault.js":{"id":1544,"buildMeta":{"providedExports":true}},"../../node_modules/echarts/lib/coord/cartesian/cartesianAxisHelper.js":{"id":1545,"buildMeta":{"providedExports":true}},"../../node_modules/echarts/lib/chart/bar/BaseBarSeries.js":{"id":1546,"buildMeta":{"providedExports":true}},"../../node_modules/echarts/lib/chart/bar/helper.js":{"id":1547,"buildMeta":{"providedExports":true}},"../../node_modules/echarts/lib/action/createDataSelectAction.js":{"id":1548,"buildMeta":{"providedExports":true}},"../../node_modules/echarts/lib/component/helper/MapDraw.js":{"id":1549,"buildMeta":{"providedExports":true}},"../../node_modules/echarts/lib/component/helper/interactionMutex.js":{"id":1550,"buildMeta":{"providedExports":true}},"../../node_modules/echarts/lib/action/geoRoam.js":{"id":1551,"buildMeta":{"providedExports":true}},"../../node_modules/echarts/lib/data/helper/linkList.js":{"id":1552,"buildMeta":{"providedExports":true}},"../../node_modules/echarts/lib/chart/tree/layoutHelper.js":{"id":1553,"buildMeta":{"providedExports":true}},"../../node_modules/echarts/lib/chart/helper/createGraphFromNodeEdge.js":{"id":1554,"buildMeta":{"providedExports":true}},"../../node_modules/echarts/lib/chart/helper/focusNodeAdjacencyAction.js":{"id":1555,"buildMeta":{"providedExports":true}},"../../node_modules/echarts/lib/chart/graph/simpleLayoutHelper.js":{"id":1556,"buildMeta":{"providedExports":true}},"../../node_modules/echarts/lib/chart/graph/circularLayoutHelper.js":{"id":1557,"buildMeta":{"providedExports":true}},"../../node_modules/echarts/lib/component/parallel.js":{"id":1558,"buildMeta":{"providedExports":true}},"../../node_modules/echarts/lib/coord/parallel/parallelCreator.js":{"id":1559,"buildMeta":{"providedExports":true}},"../../node_modules/echarts/lib/component/helper/brushHelper.js":{"id":1560,"buildMeta":{"providedExports":true}},"../../node_modules/echarts/lib/chart/helper/whiskerBoxCommon.js":{"id":1561,"buildMeta":{"providedExports":true}},"../../node_modules/echarts/lib/chart/helper/EffectLine.js":{"id":1562,"buildMeta":{"providedExports":true}},"../../node_modules/echarts/lib/chart/helper/Polyline.js":{"id":1563,"buildMeta":{"providedExports":true}},"../../node_modules/echarts/lib/chart/lines/linesLayout.js":{"id":1564,"buildMeta":{"providedExports":true}},"../../node_modules/echarts/lib/component/singleAxis.js":{"id":1565,"buildMeta":{"providedExports":true}},"../../node_modules/echarts/lib/coord/single/singleAxisHelper.js":{"id":1566,"buildMeta":{"providedExports":true}},"../../node_modules/echarts/lib/component/axisPointer/findPointFromSeries.js":{"id":1567,"buildMeta":{"providedExports":true}},"../../node_modules/echarts/lib/component/axisPointer/globalListener.js":{"id":1568,"buildMeta":{"providedExports":true}},"../../node_modules/echarts/lib/component/axisPointer/CartesianAxisPointer.js":{"id":1569,"buildMeta":{"providedExports":true}},"../../node_modules/echarts/lib/component/helper/listComponent.js":{"id":1570,"buildMeta":{"providedExports":true}},"../../node_modules/echarts/lib/component/helper/BrushTargetManager.js":{"id":1571,"buildMeta":{"providedExports":true}},"../../node_modules/echarts/lib/component/dataZoom/history.js":{"id":1572,"buildMeta":{"providedExports":true}},"../../node_modules/echarts/lib/component/legend.js":{"id":1573,"buildMeta":{"providedExports":true}},"../../node_modules/echarts/lib/component/legend/LegendModel.js":{"id":1574,"buildMeta":{"providedExports":true}},"../../node_modules/echarts/lib/component/legend/LegendView.js":{"id":1575,"buildMeta":{"providedExports":true}},"../../node_modules/echarts/lib/component/dataZoomSlider.js":{"id":1576,"buildMeta":{"providedExports":true}},"../../node_modules/echarts/lib/component/dataZoomInside.js":{"id":1577,"buildMeta":{"providedExports":true}},"../../node_modules/echarts/lib/component/visualMapContinuous.js":{"id":1578,"buildMeta":{"providedExports":true}},"../../node_modules/echarts/lib/component/visualMap/preprocessor.js":{"id":1579,"buildMeta":{"providedExports":true}},"../../node_modules/echarts/lib/component/visualMap/typeDefaulter.js":{"id":1580,"buildMeta":{"providedExports":true}},"../../node_modules/echarts/lib/component/visualMap/visualEncoding.js":{"id":1581,"buildMeta":{"providedExports":true}},"../../node_modules/echarts/lib/component/visualMap/VisualMapModel.js":{"id":1582,"buildMeta":{"providedExports":true}},"../../node_modules/echarts/lib/visual/visualDefault.js":{"id":1583,"buildMeta":{"providedExports":true}},"../../node_modules/echarts/lib/component/visualMap/VisualMapView.js":{"id":1584,"buildMeta":{"providedExports":true}},"../../node_modules/echarts/lib/component/visualMap/helper.js":{"id":1585,"buildMeta":{"providedExports":true}},"../../node_modules/echarts/lib/component/visualMap/visualMapAction.js":{"id":1586,"buildMeta":{"providedExports":true}},"../../node_modules/echarts/lib/component/visualMapPiecewise.js":{"id":1587,"buildMeta":{"providedExports":true}},"../../node_modules/zrender/lib/vml/core.js":{"id":1588,"buildMeta":{"providedExports":true}},"../../node_modules/echarts/index.js":{"id":2679,"buildMeta":{"providedExports":true}},"../../node_modules/zrender/lib/Handler.js":{"id":2680,"buildMeta":{"providedExports":true}},"../../node_modules/zrender/lib/mixin/Draggable.js":{"id":2681,"buildMeta":{"providedExports":true}},"../../node_modules/zrender/lib/core/fourPointsTransform.js":{"id":2682,"buildMeta":{"providedExports":true}},"../../node_modules/zrender/lib/core/GestureMgr.js":{"id":2683,"buildMeta":{"providedExports":true}},"../../node_modules/zrender/lib/Storage.js":{"id":2684,"buildMeta":{"providedExports":true}},"../../node_modules/zrender/lib/mixin/Animatable.js":{"id":2685,"buildMeta":{"providedExports":true}},"../../node_modules/zrender/lib/animation/Clip.js":{"id":2686,"buildMeta":{"providedExports":true}},"../../node_modules/zrender/lib/animation/easing.js":{"id":2687,"buildMeta":{"providedExports":true}},"../../node_modules/zrender/lib/Painter.js":{"id":2688,"buildMeta":{"providedExports":true}},"../../node_modules/zrender/lib/Layer.js":{"id":2689,"buildMeta":{"providedExports":true}},"../../node_modules/zrender/lib/animation/Animation.js":{"id":2690,"buildMeta":{"providedExports":true}},"../../node_modules/zrender/lib/dom/HandlerProxy.js":{"id":2691,"buildMeta":{"providedExports":true}},"../../node_modules/echarts/lib/model/mixin/lineStyle.js":{"id":2692,"buildMeta":{"providedExports":true}},"../../node_modules/echarts/lib/model/mixin/areaStyle.js":{"id":2693,"buildMeta":{"providedExports":true}},"../../node_modules/echarts/lib/model/mixin/textStyle.js":{"id":2694,"buildMeta":{"providedExports":true}},"../../node_modules/zrender/lib/contain/path.js":{"id":2695,"buildMeta":{"providedExports":true}},"../../node_modules/zrender/lib/contain/cubic.js":{"id":2696,"buildMeta":{"providedExports":true}},"../../node_modules/zrender/lib/contain/arc.js":{"id":2697,"buildMeta":{"providedExports":true}},"../../node_modules/zrender/lib/tool/transformPath.js":{"id":2698,"buildMeta":{"providedExports":true}},"../../node_modules/zrender/lib/graphic/shape/Sector.js":{"id":2699,"buildMeta":{"providedExports":true}},"../../node_modules/zrender/lib/graphic/shape/Ring.js":{"id":2700,"buildMeta":{"providedExports":true}},"../../node_modules/zrender/lib/graphic/helper/smoothSpline.js":{"id":2701,"buildMeta":{"providedExports":true}},"../../node_modules/zrender/lib/graphic/helper/smoothBezier.js":{"id":2702,"buildMeta":{"providedExports":true}},"../../node_modules/zrender/lib/graphic/shape/BezierCurve.js":{"id":2703,"buildMeta":{"providedExports":true}},"../../node_modules/zrender/lib/graphic/shape/Arc.js":{"id":2704,"buildMeta":{"providedExports":true}},"../../node_modules/zrender/lib/graphic/CompoundPath.js":{"id":2705,"buildMeta":{"providedExports":true}},"../../node_modules/zrender/lib/graphic/RadialGradient.js":{"id":2706,"buildMeta":{"providedExports":true}},"../../node_modules/echarts/lib/model/mixin/itemStyle.js":{"id":2707,"buildMeta":{"providedExports":true}},"../../node_modules/echarts/lib/model/mixin/boxLayout.js":{"id":2708,"buildMeta":{"providedExports":true}},"../../node_modules/echarts/lib/model/globalDefault.js":{"id":2709,"buildMeta":{"providedExports":true}},"../../node_modules/echarts/lib/model/OptionManager.js":{"id":2710,"buildMeta":{"providedExports":true}},"../../node_modules/echarts/lib/preprocessor/backwardCompat.js":{"id":2711,"buildMeta":{"providedExports":true}},"../../node_modules/echarts/lib/preprocessor/helper/compatStyle.js":{"id":2712,"buildMeta":{"providedExports":true}},"../../node_modules/echarts/lib/processor/dataStack.js":{"id":2713,"buildMeta":{"providedExports":true}},"../../node_modules/echarts/lib/visual/seriesColor.js":{"id":2714,"buildMeta":{"providedExports":true}},"../../node_modules/echarts/lib/visual/aria.js":{"id":2715,"buildMeta":{"providedExports":true}},"../../node_modules/echarts/lib/loading/default.js":{"id":2716,"buildMeta":{"providedExports":true}},"../../node_modules/echarts/lib/stream/Scheduler.js":{"id":2717,"buildMeta":{"providedExports":true}},"../../node_modules/echarts/lib/theme/light.js":{"id":2718,"buildMeta":{"providedExports":true}},"../../node_modules/echarts/lib/theme/dark.js":{"id":2719,"buildMeta":{"providedExports":true}},"../../node_modules/zrender/lib/graphic/shape/Ellipse.js":{"id":2720,"buildMeta":{"providedExports":true}},"../../node_modules/echarts/lib/helper.js":{"id":2721,"buildMeta":{"providedExports":true}},"../../node_modules/echarts/lib/model/referHelper.js":{"id":2722,"buildMeta":{"providedExports":true}},"../../node_modules/echarts/lib/scale/Ordinal.js":{"id":2723,"buildMeta":{"providedExports":true}},"../../node_modules/echarts/lib/scale/Time.js":{"id":2724,"buildMeta":{"providedExports":true}},"../../node_modules/echarts/lib/coord/axisTickLabelBuilder.js":{"id":2725,"buildMeta":{"providedExports":true}},"../../node_modules/echarts/lib/chart/line.js":{"id":2726,"buildMeta":{"providedExports":true}},"../../node_modules/echarts/lib/chart/line/LineSeries.js":{"id":2727,"buildMeta":{"providedExports":true}},"../../node_modules/echarts/lib/chart/line/LineView.js":{"id":2728,"buildMeta":{"providedExports":true}},"../../node_modules/echarts/lib/chart/line/lineAnimationDiff.js":{"id":2729,"buildMeta":{"providedExports":true}},"../../node_modules/echarts/lib/processor/dataSample.js":{"id":2730,"buildMeta":{"providedExports":true}},"../../node_modules/echarts/lib/coord/cartesian/Cartesian2D.js":{"id":2731,"buildMeta":{"providedExports":true}},"../../node_modules/echarts/lib/coord/cartesian/Cartesian.js":{"id":2732,"buildMeta":{"providedExports":true}},"../../node_modules/echarts/lib/coord/cartesian/Axis2D.js":{"id":2733,"buildMeta":{"providedExports":true}},"../../node_modules/echarts/lib/coord/cartesian/GridModel.js":{"id":2734,"buildMeta":{"providedExports":true}},"../../node_modules/echarts/lib/component/axis.js":{"id":2735,"buildMeta":{"providedExports":true}},"../../node_modules/echarts/lib/component/axis/CartesianAxisView.js":{"id":2736,"buildMeta":{"providedExports":true}},"../../node_modules/echarts/lib/chart/bar.js":{"id":2737,"buildMeta":{"providedExports":true}},"../../node_modules/echarts/lib/chart/bar/BarSeries.js":{"id":2738,"buildMeta":{"providedExports":true}},"../../node_modules/echarts/lib/chart/bar/BarView.js":{"id":2739,"buildMeta":{"providedExports":true}},"../../node_modules/echarts/lib/chart/bar/barItemStyle.js":{"id":2740,"buildMeta":{"providedExports":true}},"../../node_modules/echarts/lib/util/shape/sausage.js":{"id":2741,"buildMeta":{"providedExports":true}},"../../node_modules/echarts/lib/chart/pie.js":{"id":2742,"buildMeta":{"providedExports":true}},"../../node_modules/echarts/lib/chart/pie/PieSeries.js":{"id":2743,"buildMeta":{"providedExports":true}},"../../node_modules/echarts/lib/chart/pie/PieView.js":{"id":2744,"buildMeta":{"providedExports":true}},"../../node_modules/echarts/lib/chart/pie/pieLayout.js":{"id":2745,"buildMeta":{"providedExports":true}},"../../node_modules/echarts/lib/chart/pie/labelLayout.js":{"id":2746,"buildMeta":{"providedExports":true}},"../../node_modules/echarts/lib/chart/scatter.js":{"id":2747,"buildMeta":{"providedExports":true}},"../../node_modules/echarts/lib/chart/scatter/ScatterSeries.js":{"id":2748,"buildMeta":{"providedExports":true}},"../../node_modules/echarts/lib/chart/scatter/ScatterView.js":{"id":2749,"buildMeta":{"providedExports":true}},"../../node_modules/echarts/lib/chart/helper/LargeSymbolDraw.js":{"id":2750,"buildMeta":{"providedExports":true}},"../../node_modules/echarts/lib/chart/radar.js":{"id":2751,"buildMeta":{"providedExports":true}},"../../node_modules/echarts/lib/component/radar.js":{"id":2752,"buildMeta":{"providedExports":true}},"../../node_modules/echarts/lib/coord/radar/Radar.js":{"id":2753,"buildMeta":{"providedExports":true}},"../../node_modules/echarts/lib/coord/radar/IndicatorAxis.js":{"id":2754,"buildMeta":{"providedExports":true}},"../../node_modules/echarts/lib/coord/radar/RadarModel.js":{"id":2755,"buildMeta":{"providedExports":true}},"../../node_modules/echarts/lib/component/radar/RadarView.js":{"id":2756,"buildMeta":{"providedExports":true}},"../../node_modules/echarts/lib/chart/radar/RadarSeries.js":{"id":2757,"buildMeta":{"providedExports":true}},"../../node_modules/echarts/lib/chart/radar/RadarView.js":{"id":2758,"buildMeta":{"providedExports":true}},"../../node_modules/echarts/lib/chart/radar/radarLayout.js":{"id":2759,"buildMeta":{"providedExports":true}},"../../node_modules/echarts/lib/chart/radar/backwardCompat.js":{"id":2760,"buildMeta":{"providedExports":true}},"../../node_modules/echarts/lib/chart/map.js":{"id":2761,"buildMeta":{"providedExports":true}},"../../node_modules/echarts/lib/chart/map/MapSeries.js":{"id":2762,"buildMeta":{"providedExports":true}},"../../node_modules/echarts/lib/coord/geo/geoJSONLoader.js":{"id":2763,"buildMeta":{"providedExports":true}},"../../node_modules/echarts/lib/coord/geo/fix/nanhai.js":{"id":2764,"buildMeta":{"providedExports":true}},"../../node_modules/echarts/lib/coord/geo/fix/textCoord.js":{"id":2765,"buildMeta":{"providedExports":true}},"../../node_modules/echarts/lib/coord/geo/fix/geoCoord.js":{"id":2766,"buildMeta":{"providedExports":true}},"../../node_modules/echarts/lib/coord/geo/fix/diaoyuIsland.js":{"id":2767,"buildMeta":{"providedExports":true}},"../../node_modules/echarts/lib/coord/geo/geoSVGLoader.js":{"id":2768,"buildMeta":{"providedExports":true}},"../../node_modules/echarts/lib/chart/map/MapView.js":{"id":2769,"buildMeta":{"providedExports":true}},"../../node_modules/echarts/lib/coord/geo/Geo.js":{"id":2770,"buildMeta":{"providedExports":true}},"../../node_modules/echarts/lib/chart/map/mapSymbolLayout.js":{"id":2771,"buildMeta":{"providedExports":true}},"../../node_modules/echarts/lib/chart/map/mapVisual.js":{"id":2772,"buildMeta":{"providedExports":true}},"../../node_modules/echarts/lib/chart/map/mapDataStatistic.js":{"id":2773,"buildMeta":{"providedExports":true}},"../../node_modules/echarts/lib/chart/map/backwardCompat.js":{"id":2774,"buildMeta":{"providedExports":true}},"../../node_modules/echarts/lib/chart/tree.js":{"id":2775,"buildMeta":{"providedExports":true}},"../../node_modules/echarts/lib/chart/tree/TreeSeries.js":{"id":2776,"buildMeta":{"providedExports":true}},"../../node_modules/echarts/lib/chart/tree/TreeView.js":{"id":2777,"buildMeta":{"providedExports":true}},"../../node_modules/echarts/lib/chart/tree/treeAction.js":{"id":2778,"buildMeta":{"providedExports":true}},"../../node_modules/echarts/lib/chart/tree/treeLayout.js":{"id":2779,"buildMeta":{"providedExports":true}},"../../node_modules/echarts/lib/chart/tree/traversalHelper.js":{"id":2780,"buildMeta":{"providedExports":true}},"../../node_modules/echarts/lib/chart/treemap.js":{"id":2781,"buildMeta":{"providedExports":true}},"../../node_modules/echarts/lib/chart/treemap/TreemapSeries.js":{"id":2782,"buildMeta":{"providedExports":true}},"../../node_modules/echarts/lib/chart/treemap/TreemapView.js":{"id":2783,"buildMeta":{"providedExports":true}},"../../node_modules/echarts/lib/chart/treemap/Breadcrumb.js":{"id":2784,"buildMeta":{"providedExports":true}},"../../node_modules/echarts/lib/util/animation.js":{"id":2785,"buildMeta":{"providedExports":true}},"../../node_modules/echarts/lib/chart/treemap/treemapAction.js":{"id":2786,"buildMeta":{"providedExports":true}},"../../node_modules/echarts/lib/chart/treemap/treemapVisual.js":{"id":2787,"buildMeta":{"providedExports":true}},"../../node_modules/echarts/lib/chart/treemap/treemapLayout.js":{"id":2788,"buildMeta":{"providedExports":true}},"../../node_modules/echarts/lib/chart/graph.js":{"id":2789,"buildMeta":{"providedExports":true}},"../../node_modules/echarts/lib/chart/graph/GraphSeries.js":{"id":2790,"buildMeta":{"providedExports":true}},"../../node_modules/echarts/lib/data/Graph.js":{"id":2791,"buildMeta":{"providedExports":true}},"../../node_modules/echarts/lib/chart/graph/GraphView.js":{"id":2792,"buildMeta":{"providedExports":true}},"../../node_modules/echarts/lib/chart/helper/LinePath.js":{"id":2793,"buildMeta":{"providedExports":true}},"../../node_modules/echarts/lib/chart/graph/adjustEdge.js":{"id":2794,"buildMeta":{"providedExports":true}},"../../node_modules/echarts/lib/chart/graph/graphAction.js":{"id":2795,"buildMeta":{"providedExports":true}},"../../node_modules/echarts/lib/chart/graph/categoryFilter.js":{"id":2796,"buildMeta":{"providedExports":true}},"../../node_modules/echarts/lib/chart/graph/categoryVisual.js":{"id":2797,"buildMeta":{"providedExports":true}},"../../node_modules/echarts/lib/chart/graph/edgeVisual.js":{"id":2798,"buildMeta":{"providedExports":true}},"../../node_modules/echarts/lib/chart/graph/simpleLayout.js":{"id":2799,"buildMeta":{"providedExports":true}},"../../node_modules/echarts/lib/chart/graph/circularLayout.js":{"id":2800,"buildMeta":{"providedExports":true}},"../../node_modules/echarts/lib/chart/graph/forceLayout.js":{"id":2801,"buildMeta":{"providedExports":true}},"../../node_modules/echarts/lib/chart/graph/forceHelper.js":{"id":2802,"buildMeta":{"providedExports":true}},"../../node_modules/echarts/lib/chart/graph/createView.js":{"id":2803,"buildMeta":{"providedExports":true}},"../../node_modules/echarts/lib/chart/gauge.js":{"id":2804,"buildMeta":{"providedExports":true}},"../../node_modules/echarts/lib/chart/gauge/GaugeSeries.js":{"id":2805,"buildMeta":{"providedExports":true}},"../../node_modules/echarts/lib/chart/gauge/GaugeView.js":{"id":2806,"buildMeta":{"providedExports":true}},"../../node_modules/echarts/lib/chart/gauge/PointerPath.js":{"id":2807,"buildMeta":{"providedExports":true}},"../../node_modules/echarts/lib/chart/funnel.js":{"id":2808,"buildMeta":{"providedExports":true}},"../../node_modules/echarts/lib/chart/funnel/FunnelSeries.js":{"id":2809,"buildMeta":{"providedExports":true}},"../../node_modules/echarts/lib/chart/funnel/FunnelView.js":{"id":2810,"buildMeta":{"providedExports":true}},"../../node_modules/echarts/lib/chart/funnel/funnelLayout.js":{"id":2811,"buildMeta":{"providedExports":true}},"../../node_modules/echarts/lib/chart/parallel.js":{"id":2812,"buildMeta":{"providedExports":true}},"../../node_modules/echarts/lib/coord/parallel/parallelPreprocessor.js":{"id":2813,"buildMeta":{"providedExports":true}},"../../node_modules/echarts/lib/coord/parallel/Parallel.js":{"id":2814,"buildMeta":{"providedExports":true}},"../../node_modules/echarts/lib/coord/parallel/ParallelAxis.js":{"id":2815,"buildMeta":{"providedExports":true}},"../../node_modules/echarts/lib/coord/parallel/ParallelModel.js":{"id":2816,"buildMeta":{"providedExports":true}},"../../node_modules/echarts/lib/coord/parallel/AxisModel.js":{"id":2817,"buildMeta":{"providedExports":true}},"../../node_modules/echarts/lib/component/parallelAxis.js":{"id":2818,"buildMeta":{"providedExports":true}},"../../node_modules/echarts/lib/component/axis/parallelAxisAction.js":{"id":2819,"buildMeta":{"providedExports":true}},"../../node_modules/echarts/lib/component/axis/ParallelAxisView.js":{"id":2820,"buildMeta":{"providedExports":true}},"../../node_modules/echarts/lib/chart/parallel/ParallelSeries.js":{"id":2821,"buildMeta":{"providedExports":true}},"../../node_modules/echarts/lib/chart/parallel/ParallelView.js":{"id":2822,"buildMeta":{"providedExports":true}},"../../node_modules/echarts/lib/chart/parallel/parallelVisual.js":{"id":2823,"buildMeta":{"providedExports":true}},"../../node_modules/echarts/lib/chart/sankey.js":{"id":2824,"buildMeta":{"providedExports":true}},"../../node_modules/echarts/lib/chart/sankey/SankeySeries.js":{"id":2825,"buildMeta":{"providedExports":true}},"../../node_modules/echarts/lib/chart/sankey/SankeyView.js":{"id":2826,"buildMeta":{"providedExports":true}},"../../node_modules/echarts/lib/chart/sankey/sankeyAction.js":{"id":2827,"buildMeta":{"providedExports":true}},"../../node_modules/echarts/lib/chart/sankey/sankeyLayout.js":{"id":2828,"buildMeta":{"providedExports":true}},"../../node_modules/echarts/lib/chart/sankey/sankeyVisual.js":{"id":2829,"buildMeta":{"providedExports":true}},"../../node_modules/echarts/lib/chart/boxplot.js":{"id":2830,"buildMeta":{"providedExports":true}},"../../node_modules/echarts/lib/chart/boxplot/BoxplotSeries.js":{"id":2831,"buildMeta":{"providedExports":true}},"../../node_modules/echarts/lib/chart/boxplot/BoxplotView.js":{"id":2832,"buildMeta":{"providedExports":true}},"../../node_modules/echarts/lib/chart/boxplot/boxplotVisual.js":{"id":2833,"buildMeta":{"providedExports":true}},"../../node_modules/echarts/lib/chart/boxplot/boxplotLayout.js":{"id":2834,"buildMeta":{"providedExports":true}},"../../node_modules/echarts/lib/chart/candlestick.js":{"id":2835,"buildMeta":{"providedExports":true}},"../../node_modules/echarts/lib/chart/candlestick/CandlestickSeries.js":{"id":2836,"buildMeta":{"providedExports":true}},"../../node_modules/echarts/lib/chart/candlestick/CandlestickView.js":{"id":2837,"buildMeta":{"providedExports":true}},"../../node_modules/echarts/lib/chart/candlestick/preprocessor.js":{"id":2838,"buildMeta":{"providedExports":true}},"../../node_modules/echarts/lib/chart/candlestick/candlestickVisual.js":{"id":2839,"buildMeta":{"providedExports":true}},"../../node_modules/echarts/lib/chart/candlestick/candlestickLayout.js":{"id":2840,"buildMeta":{"providedExports":true}},"../../node_modules/echarts/lib/chart/effectScatter.js":{"id":2841,"buildMeta":{"providedExports":true}},"../../node_modules/echarts/lib/chart/effectScatter/EffectScatterSeries.js":{"id":2842,"buildMeta":{"providedExports":true}},"../../node_modules/echarts/lib/chart/effectScatter/EffectScatterView.js":{"id":2843,"buildMeta":{"providedExports":true}},"../../node_modules/echarts/lib/chart/helper/EffectSymbol.js":{"id":2844,"buildMeta":{"providedExports":true}},"../../node_modules/echarts/lib/chart/lines.js":{"id":2845,"buildMeta":{"providedExports":true}},"../../node_modules/echarts/lib/chart/lines/LinesSeries.js":{"id":2846,"buildMeta":{"providedExports":true}},"../../node_modules/echarts/lib/chart/lines/LinesView.js":{"id":2847,"buildMeta":{"providedExports":true}},"../../node_modules/echarts/lib/chart/helper/EffectPolyline.js":{"id":2848,"buildMeta":{"providedExports":true}},"../../node_modules/echarts/lib/chart/helper/LargeLineDraw.js":{"id":2849,"buildMeta":{"providedExports":true}},"../../node_modules/echarts/lib/chart/lines/linesVisual.js":{"id":2850,"buildMeta":{"providedExports":true}},"../../node_modules/echarts/lib/chart/heatmap.js":{"id":2851,"buildMeta":{"providedExports":true}},"../../node_modules/echarts/lib/chart/heatmap/HeatmapSeries.js":{"id":2852,"buildMeta":{"providedExports":true}},"../../node_modules/echarts/lib/chart/heatmap/HeatmapView.js":{"id":2853,"buildMeta":{"providedExports":true}},"../../node_modules/echarts/lib/chart/heatmap/HeatmapLayer.js":{"id":2854,"buildMeta":{"providedExports":true}},"../../node_modules/echarts/lib/chart/pictorialBar.js":{"id":2855,"buildMeta":{"providedExports":true}},"../../node_modules/echarts/lib/chart/bar/PictorialBarSeries.js":{"id":2856,"buildMeta":{"providedExports":true}},"../../node_modules/echarts/lib/chart/bar/PictorialBarView.js":{"id":2857,"buildMeta":{"providedExports":true}},"../../node_modules/echarts/lib/chart/themeRiver.js":{"id":2858,"buildMeta":{"providedExports":true}},"../../node_modules/echarts/lib/coord/single/singleCreator.js":{"id":2859,"buildMeta":{"providedExports":true}},"../../node_modules/echarts/lib/coord/single/Single.js":{"id":2860,"buildMeta":{"providedExports":true}},"../../node_modules/echarts/lib/coord/single/SingleAxis.js":{"id":2861,"buildMeta":{"providedExports":true}},"../../node_modules/echarts/lib/component/axis/SingleAxisView.js":{"id":2862,"buildMeta":{"providedExports":true}},"../../node_modules/echarts/lib/coord/single/AxisModel.js":{"id":2863,"buildMeta":{"providedExports":true}},"../../node_modules/echarts/lib/component/axisPointer/axisTrigger.js":{"id":2864,"buildMeta":{"providedExports":true}},"../../node_modules/echarts/lib/component/axisPointer/AxisPointerModel.js":{"id":2865,"buildMeta":{"providedExports":true}},"../../node_modules/echarts/lib/component/axisPointer/AxisPointerView.js":{"id":2866,"buildMeta":{"providedExports":true}},"../../node_modules/echarts/lib/component/axisPointer/SingleAxisPointer.js":{"id":2867,"buildMeta":{"providedExports":true}},"../../node_modules/echarts/lib/chart/themeRiver/ThemeRiverSeries.js":{"id":2868,"buildMeta":{"providedExports":true}},"../../node_modules/echarts/lib/chart/themeRiver/ThemeRiverView.js":{"id":2869,"buildMeta":{"providedExports":true}},"../../node_modules/echarts/lib/chart/themeRiver/themeRiverLayout.js":{"id":2870,"buildMeta":{"providedExports":true}},"../../node_modules/echarts/lib/chart/themeRiver/themeRiverVisual.js":{"id":2871,"buildMeta":{"providedExports":true}},"../../node_modules/echarts/lib/chart/sunburst.js":{"id":2872,"buildMeta":{"providedExports":true}},"../../node_modules/echarts/lib/chart/sunburst/SunburstSeries.js":{"id":2873,"buildMeta":{"providedExports":true}},"../../node_modules/echarts/lib/chart/sunburst/SunburstView.js":{"id":2874,"buildMeta":{"providedExports":true}},"../../node_modules/echarts/lib/chart/sunburst/SunburstPiece.js":{"id":2875,"buildMeta":{"providedExports":true}},"../../node_modules/echarts/lib/chart/sunburst/sunburstAction.js":{"id":2876,"buildMeta":{"providedExports":true}},"../../node_modules/echarts/lib/chart/sunburst/sunburstLayout.js":{"id":2877,"buildMeta":{"providedExports":true}},"../../node_modules/echarts/lib/chart/custom.js":{"id":2878,"buildMeta":{"providedExports":true}},"../../node_modules/echarts/lib/coord/cartesian/prepareCustom.js":{"id":2879,"buildMeta":{"providedExports":true}},"../../node_modules/echarts/lib/coord/geo/prepareCustom.js":{"id":2880,"buildMeta":{"providedExports":true}},"../../node_modules/echarts/lib/coord/single/prepareCustom.js":{"id":2881,"buildMeta":{"providedExports":true}},"../../node_modules/echarts/lib/coord/polar/prepareCustom.js":{"id":2882,"buildMeta":{"providedExports":true}},"../../node_modules/echarts/lib/coord/calendar/prepareCustom.js":{"id":2883,"buildMeta":{"providedExports":true}},"../../node_modules/echarts/lib/component/grid.js":{"id":2884,"buildMeta":{"providedExports":true}},"../../node_modules/echarts/lib/component/polar.js":{"id":2885,"buildMeta":{"providedExports":true}},"../../node_modules/echarts/lib/layout/barPolar.js":{"id":2886,"buildMeta":{"providedExports":true}},"../../node_modules/echarts/lib/coord/polar/Polar.js":{"id":2887,"buildMeta":{"providedExports":true}},"../../node_modules/echarts/lib/coord/polar/RadiusAxis.js":{"id":2888,"buildMeta":{"providedExports":true}},"../../node_modules/echarts/lib/coord/polar/AngleAxis.js":{"id":2889,"buildMeta":{"providedExports":true}},"../../node_modules/echarts/lib/coord/polar/PolarModel.js":{"id":2890,"buildMeta":{"providedExports":true}},"../../node_modules/echarts/lib/coord/polar/AxisModel.js":{"id":2891,"buildMeta":{"providedExports":true}},"../../node_modules/echarts/lib/component/angleAxis.js":{"id":2892,"buildMeta":{"providedExports":true}},"../../node_modules/echarts/lib/component/axis/AngleAxisView.js":{"id":2893,"buildMeta":{"providedExports":true}},"../../node_modules/echarts/lib/component/radiusAxis.js":{"id":2894,"buildMeta":{"providedExports":true}},"../../node_modules/echarts/lib/component/axis/RadiusAxisView.js":{"id":2895,"buildMeta":{"providedExports":true}},"../../node_modules/echarts/lib/component/axisPointer/PolarAxisPointer.js":{"id":2896,"buildMeta":{"providedExports":true}},"../../node_modules/echarts/lib/component/geo.js":{"id":2897,"buildMeta":{"providedExports":true}},"../../node_modules/echarts/lib/coord/geo/GeoModel.js":{"id":2898,"buildMeta":{"providedExports":true}},"../../node_modules/echarts/lib/component/geo/GeoView.js":{"id":2899,"buildMeta":{"providedExports":true}},"../../node_modules/echarts/lib/component/calendar.js":{"id":2900,"buildMeta":{"providedExports":true}},"../../node_modules/echarts/lib/coord/calendar/Calendar.js":{"id":2901,"buildMeta":{"providedExports":true}},"../../node_modules/echarts/lib/coord/calendar/CalendarModel.js":{"id":2902,"buildMeta":{"providedExports":true}},"../../node_modules/echarts/lib/component/calendar/CalendarView.js":{"id":2903,"buildMeta":{"providedExports":true}},"../../node_modules/echarts/lib/component/graphic.js":{"id":2904,"buildMeta":{"providedExports":true}},"../../node_modules/echarts/lib/component/toolbox.js":{"id":2905,"buildMeta":{"providedExports":true}},"../../node_modules/echarts/lib/component/toolbox/ToolboxModel.js":{"id":2906,"buildMeta":{"providedExports":true}},"../../node_modules/echarts/lib/component/toolbox/ToolboxView.js":{"id":2907,"buildMeta":{"providedExports":true}},"../../node_modules/echarts/lib/component/toolbox/feature/SaveAsImage.js":{"id":2908,"buildMeta":{"providedExports":true}},"../../node_modules/echarts/lib/component/toolbox/feature/MagicType.js":{"id":2909,"buildMeta":{"providedExports":true}},"../../node_modules/echarts/lib/component/toolbox/feature/DataView.js":{"id":2910,"buildMeta":{"providedExports":true}},"../../node_modules/echarts/lib/component/toolbox/feature/DataZoom.js":{"id":2911,"buildMeta":{"providedExports":true}},"../../node_modules/echarts/lib/component/dataZoomSelect.js":{"id":2912,"buildMeta":{"providedExports":true}},"../../node_modules/echarts/lib/component/dataZoom/AxisProxy.js":{"id":2913,"buildMeta":{"providedExports":true}},"../../node_modules/echarts/lib/component/dataZoom/SelectZoomModel.js":{"id":2914,"buildMeta":{"providedExports":true}},"../../node_modules/echarts/lib/component/dataZoom/SelectZoomView.js":{"id":2915,"buildMeta":{"providedExports":true}},"../../node_modules/echarts/lib/component/toolbox/feature/Restore.js":{"id":2916,"buildMeta":{"providedExports":true}},"../../node_modules/echarts/lib/component/tooltip.js":{"id":2917,"buildMeta":{"providedExports":true}},"../../node_modules/echarts/lib/component/tooltip/TooltipModel.js":{"id":2918,"buildMeta":{"providedExports":true}},"../../node_modules/echarts/lib/component/tooltip/TooltipView.js":{"id":2919,"buildMeta":{"providedExports":true}},"../../node_modules/echarts/lib/component/tooltip/TooltipContent.js":{"id":2920,"buildMeta":{"providedExports":true}},"../../node_modules/echarts/lib/component/tooltip/TooltipRichContent.js":{"id":2921,"buildMeta":{"providedExports":true}},"../../node_modules/echarts/lib/component/brush.js":{"id":2922,"buildMeta":{"providedExports":true}},"../../node_modules/echarts/lib/component/brush/preprocessor.js":{"id":2923,"buildMeta":{"providedExports":true}},"../../node_modules/echarts/lib/component/brush/visualEncoding.js":{"id":2924,"buildMeta":{"providedExports":true}},"../../node_modules/echarts/lib/component/brush/selector.js":{"id":2925,"buildMeta":{"providedExports":true}},"../../node_modules/echarts/lib/component/brush/BrushModel.js":{"id":2926,"buildMeta":{"providedExports":true}},"../../node_modules/echarts/lib/component/brush/BrushView.js":{"id":2927,"buildMeta":{"providedExports":true}},"../../node_modules/echarts/lib/component/brush/brushAction.js":{"id":2928,"buildMeta":{"providedExports":true}},"../../node_modules/echarts/lib/component/toolbox/feature/Brush.js":{"id":2929,"buildMeta":{"providedExports":true}},"../../node_modules/echarts/lib/component/title.js":{"id":2930,"buildMeta":{"providedExports":true}},"../../node_modules/echarts/lib/component/timeline.js":{"id":2931,"buildMeta":{"providedExports":true}},"../../node_modules/echarts/lib/component/timeline/preprocessor.js":{"id":2932,"buildMeta":{"providedExports":true}},"../../node_modules/echarts/lib/component/timeline/typeDefaulter.js":{"id":2933,"buildMeta":{"providedExports":true}},"../../node_modules/echarts/lib/component/timeline/timelineAction.js":{"id":2934,"buildMeta":{"providedExports":true}},"../../node_modules/echarts/lib/component/timeline/SliderTimelineModel.js":{"id":2935,"buildMeta":{"providedExports":true}},"../../node_modules/echarts/lib/component/timeline/TimelineModel.js":{"id":2936,"buildMeta":{"providedExports":true}},"../../node_modules/echarts/lib/component/timeline/SliderTimelineView.js":{"id":2937,"buildMeta":{"providedExports":true}},"../../node_modules/echarts/lib/component/timeline/TimelineView.js":{"id":2938,"buildMeta":{"providedExports":true}},"../../node_modules/echarts/lib/component/timeline/TimelineAxis.js":{"id":2939,"buildMeta":{"providedExports":true}},"../../node_modules/echarts/lib/component/markPoint.js":{"id":2940,"buildMeta":{"providedExports":true}},"../../node_modules/echarts/lib/component/marker/MarkPointModel.js":{"id":2941,"buildMeta":{"providedExports":true}},"../../node_modules/echarts/lib/component/marker/MarkPointView.js":{"id":2942,"buildMeta":{"providedExports":true}},"../../node_modules/echarts/lib/component/markLine.js":{"id":2943,"buildMeta":{"providedExports":true}},"../../node_modules/echarts/lib/component/marker/MarkLineModel.js":{"id":2944,"buildMeta":{"providedExports":true}},"../../node_modules/echarts/lib/component/marker/MarkLineView.js":{"id":2945,"buildMeta":{"providedExports":true}},"../../node_modules/echarts/lib/component/markArea.js":{"id":2946,"buildMeta":{"providedExports":true}},"../../node_modules/echarts/lib/component/marker/MarkAreaModel.js":{"id":2947,"buildMeta":{"providedExports":true}},"../../node_modules/echarts/lib/component/marker/MarkAreaView.js":{"id":2948,"buildMeta":{"providedExports":true}},"../../node_modules/echarts/lib/component/legendScroll.js":{"id":2949,"buildMeta":{"providedExports":true}},"../../node_modules/echarts/lib/component/legend/legendAction.js":{"id":2950,"buildMeta":{"providedExports":true}},"../../node_modules/echarts/lib/component/legend/legendFilter.js":{"id":2951,"buildMeta":{"providedExports":true}},"../../node_modules/echarts/lib/component/legend/ScrollableLegendModel.js":{"id":2952,"buildMeta":{"providedExports":true}},"../../node_modules/echarts/lib/component/legend/ScrollableLegendView.js":{"id":2953,"buildMeta":{"providedExports":true}},"../../node_modules/echarts/lib/component/legend/scrollableLegendAction.js":{"id":2954,"buildMeta":{"providedExports":true}},"../../node_modules/echarts/lib/component/dataZoom.js":{"id":2955,"buildMeta":{"providedExports":true}},"../../node_modules/echarts/lib/component/dataZoom/SliderZoomModel.js":{"id":2956,"buildMeta":{"providedExports":true}},"../../node_modules/echarts/lib/component/dataZoom/SliderZoomView.js":{"id":2957,"buildMeta":{"providedExports":true}},"../../node_modules/echarts/lib/component/dataZoom/InsideZoomModel.js":{"id":2958,"buildMeta":{"providedExports":true}},"../../node_modules/echarts/lib/component/dataZoom/InsideZoomView.js":{"id":2959,"buildMeta":{"providedExports":true}},"../../node_modules/echarts/lib/component/dataZoom/roams.js":{"id":2960,"buildMeta":{"providedExports":true}},"../../node_modules/echarts/lib/component/visualMap.js":{"id":2961,"buildMeta":{"providedExports":true}},"../../node_modules/echarts/lib/component/visualMap/ContinuousModel.js":{"id":2962,"buildMeta":{"providedExports":true}},"../../node_modules/echarts/lib/component/visualMap/ContinuousView.js":{"id":2963,"buildMeta":{"providedExports":true}},"../../node_modules/echarts/lib/component/visualMap/PiecewiseModel.js":{"id":2964,"buildMeta":{"providedExports":true}},"../../node_modules/echarts/lib/component/visualMap/PiecewiseView.js":{"id":2965,"buildMeta":{"providedExports":true}},"../../node_modules/zrender/lib/vml/vml.js":{"id":2966,"buildMeta":{"providedExports":true}},"../../node_modules/zrender/lib/vml/graphic.js":{"id":2967,"buildMeta":{"providedExports":true}},"../../node_modules/zrender/lib/vml/Painter.js":{"id":2968,"buildMeta":{"providedExports":true}},"../../node_modules/zrender/lib/svg/svg.js":{"id":2969,"buildMeta":{"providedExports":true}},"../../node_modules/zrender/lib/svg/Painter.js":{"id":2970,"buildMeta":{"providedExports":true}},"../../node_modules/zrender/lib/core/arrayDiff2.js":{"id":2971,"buildMeta":{"providedExports":true}},"../../node_modules/zrender/lib/svg/helper/GradientManager.js":{"id":2972,"buildMeta":{"providedExports":true}},"../../node_modules/zrender/lib/svg/helper/ClippathManager.js":{"id":2973,"buildMeta":{"providedExports":true}},"../../node_modules/zrender/lib/svg/helper/ShadowManager.js":{"id":2974,"buildMeta":{"providedExports":true}}}}