{"name":"vendors_91f1ae18da13a29c9f50","content":{"../../node_modules/prop-types/index.js":{"id":0,"buildMeta":{"providedExports":true}},"../../node_modules/react/index.js":{"id":1,"buildMeta":{"providedExports":true}},"../../node_modules/lodash/noop.js":{"id":20,"buildMeta":{"providedExports":true}},"../../node_modules/tslib/tslib.es6.js":{"id":30,"buildMeta":{"exportsType":"namespace","providedExports":["__extends","__assign","__rest","__decorate","__param","__metadata","__awaiter","__generator","__exportStar","__values","__read","__spread","__spreadArrays","__await","__asyncGenerator","__asyncDelegator","__asyncValues","__makeTemplateObject","__importStar","__importDefault"]}},"../../node_modules/lodash/isString.js":{"id":48,"buildMeta":{"providedExports":true}},"../../node_modules/lodash/isObject.js":{"id":63,"buildMeta":{"providedExports":true}},"../../node_modules/lodash-decorators/factory.js":{"id":65,"buildMeta":{"providedExports":true}},"../../node_modules/lodash-decorators/applicators.js":{"id":68,"buildMeta":{"providedExports":true}},"../../node_modules/webpack/buildin/global.js":{"id":73,"buildMeta":{"providedExports":true}},"../../node_modules/lodash/isArray.js":{"id":80,"buildMeta":{"providedExports":true}},"../../node_modules/invariant/browser.js":{"id":86,"buildMeta":{"providedExports":true}},"../../node_modules/lodash/_root.js":{"id":92,"buildMeta":{"providedExports":true}},"../../node_modules/lodash/debounce.js":{"id":96,"buildMeta":{"providedExports":true}},"../../node_modules/lodash/isObjectLike.js":{"id":106,"buildMeta":{"providedExports":true}},"../../node_modules/lodash/isFunction.js":{"id":114,"buildMeta":{"providedExports":true}},"../../node_modules/object-assign/index.js":{"id":125,"buildMeta":{"providedExports":true}},"../../node_modules/lodash/_baseGetTag.js":{"id":126,"buildMeta":{"providedExports":true}},"../../node_modules/lodash/_getNative.js":{"id":149,"buildMeta":{"providedExports":true}},"../../node_modules/lodash/_baseRest.js":{"id":150,"buildMeta":{"providedExports":true}},"../../node_modules/lodash/get.js":{"id":161,"buildMeta":{"providedExports":true}},"../../node_modules/lodash/_Symbol.js":{"id":167,"buildMeta":{"providedExports":true}},"../../node_modules/lodash/isArrayLike.js":{"id":168,"buildMeta":{"providedExports":true}},"../../node_modules/lodash/keys.js":{"id":181,"buildMeta":{"providedExports":true}},"../../node_modules/lodash/_toKey.js":{"id":193,"buildMeta":{"providedExports":true}},"../../node_modules/lodash-decorators/applicators/Applicator.js":{"id":198,"buildMeta":{"providedExports":true}},"../../node_modules/lodash/eq.js":{"id":201,"buildMeta":{"providedExports":true}},"../../node_modules/lodash/isPlainObject.js":{"id":202,"buildMeta":{"providedExports":true}},"../../node_modules/lodash/identity.js":{"id":203,"buildMeta":{"providedExports":true}},"../../node_modules/webpack/buildin/module.js":{"id":229,"buildMeta":{"providedExports":true}},"../../node_modules/lodash/isSymbol.js":{"id":230,"buildMeta":{"providedExports":true}},"../../node_modules/lodash/_castPath.js":{"id":231,"buildMeta":{"providedExports":true}},"../../node_modules/lodash/_nativeCreate.js":{"id":232,"buildMeta":{"providedExports":true}},"../../node_modules/lodash/_ListCache.js":{"id":233,"buildMeta":{"providedExports":true}},"../../node_modules/lodash/_assocIndexOf.js":{"id":234,"buildMeta":{"providedExports":true}},"../../node_modules/lodash/_getMapData.js":{"id":235,"buildMeta":{"providedExports":true}},"../../node_modules/lodash/_arrayMap.js":{"id":236,"buildMeta":{"providedExports":true}},"../../node_modules/lodash/_isIndex.js":{"id":237,"buildMeta":{"providedExports":true}},"../../node_modules/lodash/defer.js":{"id":242,"buildMeta":{"providedExports":true}},"../../node_modules/process/browser.js":{"id":267,"buildMeta":{"providedExports":true}},"../../node_modules/lodash/isArguments.js":{"id":268,"buildMeta":{"providedExports":true}},"../../node_modules/lodash/_copyObject.js":{"id":269,"buildMeta":{"providedExports":true}},"../../node_modules/lodash/_apply.js":{"id":270,"buildMeta":{"providedExports":true}},"../../node_modules/lodash/_baseIteratee.js":{"id":272,"buildMeta":{"providedExports":true}},"../../node_modules/lodash-decorators/utils.js":{"id":282,"buildMeta":{"providedExports":true}},"../../node_modules/lodash/_createWrap.js":{"id":283,"buildMeta":{"providedExports":true}},"../../node_modules/lodash/_isKey.js":{"id":314,"buildMeta":{"providedExports":true}},"../../node_modules/lodash/_MapCache.js":{"id":315,"buildMeta":{"providedExports":true}},"../../node_modules/lodash/_Map.js":{"id":316,"buildMeta":{"providedExports":true}},"../../node_modules/lodash/isLength.js":{"id":317,"buildMeta":{"providedExports":true}},"../../node_modules/lodash/_baseGet.js":{"id":318,"buildMeta":{"providedExports":true}},"../../node_modules/lodash/_Stack.js":{"id":319,"buildMeta":{"providedExports":true}},"../../node_modules/lodash/isBuffer.js":{"id":320,"buildMeta":{"providedExports":true}},"../../node_modules/lodash/_baseUnary.js":{"id":321,"buildMeta":{"providedExports":true}},"../../node_modules/lodash/_getTag.js":{"id":324,"buildMeta":{"providedExports":true}},"../../node_modules/lodash/_arrayPush.js":{"id":325,"buildMeta":{"providedExports":true}},"../../node_modules/lodash/toInteger.js":{"id":328,"buildMeta":{"providedExports":true}},"../../node_modules/lodash/toNumber.js":{"id":374,"buildMeta":{"providedExports":true}},"../../node_modules/lodash/toString.js":{"id":375,"buildMeta":{"providedExports":true}},"../../node_modules/lodash/_assignValue.js":{"id":376,"buildMeta":{"providedExports":true}},"../../node_modules/lodash/_baseAssignValue.js":{"id":377,"buildMeta":{"providedExports":true}},"../../node_modules/lodash/_copyArray.js":{"id":378,"buildMeta":{"providedExports":true}},"../../node_modules/lodash/_isPrototype.js":{"id":379,"buildMeta":{"providedExports":true}},"../../node_modules/lodash/isTypedArray.js":{"id":380,"buildMeta":{"providedExports":true}},"../../node_modules/lodash/_setToString.js":{"id":381,"buildMeta":{"providedExports":true}},"../../node_modules/lodash/_setToArray.js":{"id":384,"buildMeta":{"providedExports":true}},"../../node_modules/lodash/_baseIsEqual.js":{"id":385,"buildMeta":{"providedExports":true}},"../../node_modules/lodash/_replaceHolders.js":{"id":393,"buildMeta":{"providedExports":true}},"../../node_modules/lodash/_freeGlobal.js":{"id":458,"buildMeta":{"providedExports":true}},"../../node_modules/lodash/memoize.js":{"id":460,"buildMeta":{"providedExports":true}},"../../node_modules/lodash/_toSource.js":{"id":461,"buildMeta":{"providedExports":true}},"../../node_modules/lodash/_defineProperty.js":{"id":462,"buildMeta":{"providedExports":true}},"../../node_modules/lodash/_baseCreate.js":{"id":463,"buildMeta":{"providedExports":true}},"../../node_modules/lodash/_getPrototype.js":{"id":464,"buildMeta":{"providedExports":true}},"../../node_modules/lodash/_overArg.js":{"id":465,"buildMeta":{"providedExports":true}},"../../node_modules/lodash/_nodeUtil.js":{"id":466,"buildMeta":{"providedExports":true}},"../../node_modules/lodash/_overRest.js":{"id":467,"buildMeta":{"providedExports":true}},"../../node_modules/lodash/_equalArrays.js":{"id":472,"buildMeta":{"providedExports":true}},"../../node_modules/lodash/_SetCache.js":{"id":473,"buildMeta":{"providedExports":true}},"../../node_modules/lodash/_cacheHas.js":{"id":474,"buildMeta":{"providedExports":true}},"../../node_modules/lodash/_getSymbols.js":{"id":475,"buildMeta":{"providedExports":true}},"../../node_modules/lodash/_isStrictComparable.js":{"id":476,"buildMeta":{"providedExports":true}},"../../node_modules/lodash/_matchesStrictComparable.js":{"id":477,"buildMeta":{"providedExports":true}},"../../node_modules/lodash/_baseFlatten.js":{"id":478,"buildMeta":{"providedExports":true}},"../../node_modules/lodash/_getHolder.js":{"id":498,"buildMeta":{"providedExports":true}},"../../node_modules/lodash/_hasPath.js":{"id":565,"buildMeta":{"providedExports":true}},"../../node_modules/lodash/_baseFor.js":{"id":566,"buildMeta":{"providedExports":true}},"../../node_modules/lodash/_Uint8Array.js":{"id":567,"buildMeta":{"providedExports":true}},"../../node_modules/lodash/_arrayLikeKeys.js":{"id":569,"buildMeta":{"providedExports":true}},"../../node_modules/lodash/_shortOut.js":{"id":570,"buildMeta":{"providedExports":true}},"../../node_modules/lodash/_Set.js":{"id":573,"buildMeta":{"providedExports":true}},"../../node_modules/lodash/_WeakMap.js":{"id":574,"buildMeta":{"providedExports":true}},"../../node_modules/lodash/_mapToArray.js":{"id":575,"buildMeta":{"providedExports":true}},"../../node_modules/lodash/_getAllKeys.js":{"id":576,"buildMeta":{"providedExports":true}},"../../node_modules/lodash/_baseGetAllKeys.js":{"id":577,"buildMeta":{"providedExports":true}},"../../node_modules/lodash/stubArray.js":{"id":578,"buildMeta":{"providedExports":true}},"../../node_modules/lodash/_arrayIncludes.js":{"id":579,"buildMeta":{"providedExports":true}},"../../node_modules/lodash/_baseFindIndex.js":{"id":580,"buildMeta":{"providedExports":true}},"../../node_modules/lodash/_baseSlice.js":{"id":581,"buildMeta":{"providedExports":true}},"../../node_modules/lodash/_flatRest.js":{"id":582,"buildMeta":{"providedExports":true}},"../../node_modules/lodash/flatten.js":{"id":583,"buildMeta":{"providedExports":true}},"../../node_modules/lodash/_baseDelay.js":{"id":585,"buildMeta":{"providedExports":true}},"../../node_modules/lodash/isUndefined.js":{"id":589,"buildMeta":{"providedExports":true}},"../../node_modules/lodash/throttle.js":{"id":602,"buildMeta":{"providedExports":true}},"../../node_modules/lodash/partial.js":{"id":620,"buildMeta":{"providedExports":true}},"../../node_modules/lodash/_createCtor.js":{"id":621,"buildMeta":{"providedExports":true}},"../../node_modules/react/cjs/react.production.min.js":{"id":741,"buildMeta":{"providedExports":true}},"../../node_modules/prop-types/factoryWithThrowingShims.js":{"id":762,"buildMeta":{"providedExports":true}},"../../node_modules/prop-types/lib/ReactPropTypesSecret.js":{"id":763,"buildMeta":{"providedExports":true}},"../../node_modules/lodash/_getRawTag.js":{"id":771,"buildMeta":{"providedExports":true}},"../../node_modules/lodash/_objectToString.js":{"id":772,"buildMeta":{"providedExports":true}},"../../node_modules/lodash/now.js":{"id":773,"buildMeta":{"providedExports":true}},"../../node_modules/lodash/_stringToPath.js":{"id":775,"buildMeta":{"providedExports":true}},"../../node_modules/lodash/_memoizeCapped.js":{"id":776,"buildMeta":{"providedExports":true}},"../../node_modules/lodash/_mapCacheClear.js":{"id":777,"buildMeta":{"providedExports":true}},"../../node_modules/lodash/_Hash.js":{"id":778,"buildMeta":{"providedExports":true}},"../../node_modules/lodash/_hashClear.js":{"id":779,"buildMeta":{"providedExports":true}},"../../node_modules/lodash/_baseIsNative.js":{"id":780,"buildMeta":{"providedExports":true}},"../../node_modules/lodash/_isMasked.js":{"id":781,"buildMeta":{"providedExports":true}},"../../node_modules/lodash/_coreJsData.js":{"id":782,"buildMeta":{"providedExports":true}},"../../node_modules/lodash/_getValue.js":{"id":783,"buildMeta":{"providedExports":true}},"../../node_modules/lodash/_hashDelete.js":{"id":784,"buildMeta":{"providedExports":true}},"../../node_modules/lodash/_hashGet.js":{"id":785,"buildMeta":{"providedExports":true}},"../../node_modules/lodash/_hashHas.js":{"id":786,"buildMeta":{"providedExports":true}},"../../node_modules/lodash/_hashSet.js":{"id":787,"buildMeta":{"providedExports":true}},"../../node_modules/lodash/_listCacheClear.js":{"id":788,"buildMeta":{"providedExports":true}},"../../node_modules/lodash/_listCacheDelete.js":{"id":789,"buildMeta":{"providedExports":true}},"../../node_modules/lodash/_listCacheGet.js":{"id":790,"buildMeta":{"providedExports":true}},"../../node_modules/lodash/_listCacheHas.js":{"id":791,"buildMeta":{"providedExports":true}},"../../node_modules/lodash/_listCacheSet.js":{"id":792,"buildMeta":{"providedExports":true}},"../../node_modules/lodash/_mapCacheDelete.js":{"id":793,"buildMeta":{"providedExports":true}},"../../node_modules/lodash/_isKeyable.js":{"id":794,"buildMeta":{"providedExports":true}},"../../node_modules/lodash/_mapCacheGet.js":{"id":795,"buildMeta":{"providedExports":true}},"../../node_modules/lodash/_mapCacheHas.js":{"id":796,"buildMeta":{"providedExports":true}},"../../node_modules/lodash/_mapCacheSet.js":{"id":797,"buildMeta":{"providedExports":true}},"../../node_modules/lodash/_baseToString.js":{"id":798,"buildMeta":{"providedExports":true}},"../../node_modules/lodash/_baseIsArguments.js":{"id":799,"buildMeta":{"providedExports":true}},"../../node_modules/lodash/_stackClear.js":{"id":800,"buildMeta":{"providedExports":true}},"../../node_modules/lodash/_stackDelete.js":{"id":801,"buildMeta":{"providedExports":true}},"../../node_modules/lodash/_stackGet.js":{"id":802,"buildMeta":{"providedExports":true}},"../../node_modules/lodash/_stackHas.js":{"id":803,"buildMeta":{"providedExports":true}},"../../node_modules/lodash/_stackSet.js":{"id":804,"buildMeta":{"providedExports":true}},"../../node_modules/lodash/_createBaseFor.js":{"id":805,"buildMeta":{"providedExports":true}},"../../node_modules/lodash/isArrayLikeObject.js":{"id":807,"buildMeta":{"providedExports":true}},"../../node_modules/lodash/stubFalse.js":{"id":808,"buildMeta":{"providedExports":true}},"../../node_modules/lodash/_baseIsTypedArray.js":{"id":809,"buildMeta":{"providedExports":true}},"../../node_modules/lodash/_baseTimes.js":{"id":810,"buildMeta":{"providedExports":true}},"../../node_modules/lodash/_createAssigner.js":{"id":811,"buildMeta":{"providedExports":true}},"../../node_modules/lodash/_baseSetToString.js":{"id":812,"buildMeta":{"providedExports":true}},"../../node_modules/lodash/constant.js":{"id":813,"buildMeta":{"providedExports":true}},"../../node_modules/lodash/_isIterateeCall.js":{"id":814,"buildMeta":{"providedExports":true}},"../../node_modules/lodash/_DataView.js":{"id":832,"buildMeta":{"providedExports":true}},"../../node_modules/lodash/_Promise.js":{"id":833,"buildMeta":{"providedExports":true}},"../../node_modules/lodash/_baseKeys.js":{"id":834,"buildMeta":{"providedExports":true}},"../../node_modules/lodash/_nativeKeys.js":{"id":835,"buildMeta":{"providedExports":true}},"../../node_modules/lodash/_baseMatches.js":{"id":837,"buildMeta":{"providedExports":true}},"../../node_modules/lodash/_baseIsMatch.js":{"id":838,"buildMeta":{"providedExports":true}},"../../node_modules/lodash/_baseIsEqualDeep.js":{"id":839,"buildMeta":{"providedExports":true}},"../../node_modules/lodash/_setCacheAdd.js":{"id":840,"buildMeta":{"providedExports":true}},"../../node_modules/lodash/_setCacheHas.js":{"id":841,"buildMeta":{"providedExports":true}},"../../node_modules/lodash/_arraySome.js":{"id":842,"buildMeta":{"providedExports":true}},"../../node_modules/lodash/_equalByTag.js":{"id":843,"buildMeta":{"providedExports":true}},"../../node_modules/lodash/_equalObjects.js":{"id":844,"buildMeta":{"providedExports":true}},"../../node_modules/lodash/_arrayFilter.js":{"id":845,"buildMeta":{"providedExports":true}},"../../node_modules/lodash/_getMatchData.js":{"id":846,"buildMeta":{"providedExports":true}},"../../node_modules/lodash/_baseMatchesProperty.js":{"id":847,"buildMeta":{"providedExports":true}},"../../node_modules/lodash/hasIn.js":{"id":848,"buildMeta":{"providedExports":true}},"../../node_modules/lodash/_baseHasIn.js":{"id":849,"buildMeta":{"providedExports":true}},"../../node_modules/lodash/property.js":{"id":850,"buildMeta":{"providedExports":true}},"../../node_modules/lodash/_baseProperty.js":{"id":851,"buildMeta":{"providedExports":true}},"../../node_modules/lodash/_basePropertyDeep.js":{"id":852,"buildMeta":{"providedExports":true}},"../../node_modules/lodash/_baseIndexOf.js":{"id":853,"buildMeta":{"providedExports":true}},"../../node_modules/lodash/_baseIsNaN.js":{"id":854,"buildMeta":{"providedExports":true}},"../../node_modules/lodash/_strictIndexOf.js":{"id":855,"buildMeta":{"providedExports":true}},"../../node_modules/lodash/_arrayIncludesWith.js":{"id":856,"buildMeta":{"providedExports":true}},"../../node_modules/lodash/_arrayEach.js":{"id":858,"buildMeta":{"providedExports":true}},"../../node_modules/lodash/_isFlattenable.js":{"id":860,"buildMeta":{"providedExports":true}},"../../node_modules/lodash/_baseForOwn.js":{"id":861,"buildMeta":{"providedExports":true}},"../../node_modules/lodash/negate.js":{"id":868,"buildMeta":{"providedExports":true}},"../../node_modules/lodash/_castSlice.js":{"id":870,"buildMeta":{"providedExports":true}},"../../node_modules/lodash/toFinite.js":{"id":872,"buildMeta":{"providedExports":true}},"../../node_modules/lodash/_LazyWrapper.js":{"id":922,"buildMeta":{"providedExports":true}},"../../node_modules/lodash/_baseLodash.js":{"id":923,"buildMeta":{"providedExports":true}},"../../node_modules/lodash/_getData.js":{"id":924,"buildMeta":{"providedExports":true}},"../../node_modules/lodash/_LodashWrapper.js":{"id":925,"buildMeta":{"providedExports":true}},"../../node_modules/lodash/before.js":{"id":926,"buildMeta":{"providedExports":true}},"../../node_modules/lodash-decorators/factory/common.js":{"id":1483,"buildMeta":{"providedExports":true}},"../../node_modules/lodash-decorators/utils/log.js":{"id":1484,"buildMeta":{"providedExports":true}},"../../node_modules/lodash-decorators/utils/copyMetaData.js":{"id":1485,"buildMeta":{"providedExports":true}},"../../node_modules/lodash/_castFunction.js":{"id":1486,"buildMeta":{"providedExports":true}},"../../node_modules/lodash-decorators/utils/assignAll.js":{"id":1487,"buildMeta":{"providedExports":true}},"../../node_modules/lodash/attempt.js":{"id":1488,"buildMeta":{"providedExports":true}},"../../node_modules/lodash/after.js":{"id":1489,"buildMeta":{"providedExports":true}},"../../node_modules/lodash/_baseSetData.js":{"id":1490,"buildMeta":{"providedExports":true}},"../../node_modules/lodash/_metaMap.js":{"id":1491,"buildMeta":{"providedExports":true}},"../../node_modules/lodash/_createHybrid.js":{"id":1492,"buildMeta":{"providedExports":true}},"../../node_modules/lodash/_composeArgs.js":{"id":1493,"buildMeta":{"providedExports":true}},"../../node_modules/lodash/_composeArgsRight.js":{"id":1494,"buildMeta":{"providedExports":true}},"../../node_modules/lodash/_createRecurry.js":{"id":1495,"buildMeta":{"providedExports":true}},"../../node_modules/lodash/_isLaziable.js":{"id":1496,"buildMeta":{"providedExports":true}},"../../node_modules/lodash/_getFuncName.js":{"id":1497,"buildMeta":{"providedExports":true}},"../../node_modules/lodash/_setData.js":{"id":1498,"buildMeta":{"providedExports":true}},"../../node_modules/lodash/_setWrapToString.js":{"id":1499,"buildMeta":{"providedExports":true}},"../../node_modules/lodash/ary.js":{"id":1500,"buildMeta":{"providedExports":true}},"../../node_modules/lodash-decorators/bind.js":{"id":1501,"buildMeta":{"providedExports":true}},"../../node_modules/lodash/curry.js":{"id":1502,"buildMeta":{"providedExports":true}},"../../node_modules/lodash/curryRight.js":{"id":1503,"buildMeta":{"providedExports":true}},"../../node_modules/lodash/_createFlow.js":{"id":1504,"buildMeta":{"providedExports":true}},"../../node_modules/intl-messageformat/lib/utils.js":{"id":1505,"buildMeta":{"providedExports":true}},"../../node_modules/cropperjs/dist/cropper.js":{"id":1506,"buildMeta":{"providedExports":true}},"../../node_modules/lodash/lodash.js":{"id":2565,"buildMeta":{"providedExports":true}},"../../node_modules/lodash-decorators/index.js":{"id":2566,"buildMeta":{"providedExports":true}},"../../node_modules/lodash-decorators/factory/DecoratorConfig.js":{"id":2567,"buildMeta":{"providedExports":true}},"../../node_modules/lodash-decorators/factory/DecoratorFactory.js":{"id":2568,"buildMeta":{"providedExports":true}},"../../node_modules/lodash-decorators/utils/resolveFunction.js":{"id":2569,"buildMeta":{"providedExports":true}},"../../node_modules/lodash-decorators/utils/CompositeKeyWeakMap.js":{"id":2570,"buildMeta":{"providedExports":true}},"../../node_modules/lodash-decorators/utils/returnAtIndex.js":{"id":2571,"buildMeta":{"providedExports":true}},"../../node_modules/lodash/forOwn.js":{"id":2572,"buildMeta":{"providedExports":true}},"../../node_modules/lodash-decorators/utils/bind.js":{"id":2573,"buildMeta":{"providedExports":true}},"../../node_modules/lodash-decorators/utils/wrapConstructor.js":{"id":2574,"buildMeta":{"providedExports":true}},"../../node_modules/lodash/without.js":{"id":2575,"buildMeta":{"providedExports":true}},"../../node_modules/lodash/_baseDifference.js":{"id":2576,"buildMeta":{"providedExports":true}},"../../node_modules/lodash/isError.js":{"id":2577,"buildMeta":{"providedExports":true}},"../../node_modules/lodash-decorators/utils/isDecoratorArgs.js":{"id":2578,"buildMeta":{"providedExports":true}},"../../node_modules/lodash-decorators/utils/isPrototypeAccess.js":{"id":2579,"buildMeta":{"providedExports":true}},"../../node_modules/lodash-decorators/after.js":{"id":2580,"buildMeta":{"providedExports":true}},"../../node_modules/lodash-decorators/applicators/ComposeApplicator.js":{"id":2581,"buildMeta":{"providedExports":true}},"../../node_modules/lodash-decorators/applicators/PartialApplicator.js":{"id":2582,"buildMeta":{"providedExports":true}},"../../node_modules/lodash-decorators/applicators/PartialedApplicator.js":{"id":2583,"buildMeta":{"providedExports":true}},"../../node_modules/lodash/_createBind.js":{"id":2584,"buildMeta":{"providedExports":true}},"../../node_modules/lodash/_createCurry.js":{"id":2585,"buildMeta":{"providedExports":true}},"../../node_modules/lodash/_countHolders.js":{"id":2586,"buildMeta":{"providedExports":true}},"../../node_modules/lodash/_realNames.js":{"id":2587,"buildMeta":{"providedExports":true}},"../../node_modules/lodash/wrapperLodash.js":{"id":2588,"buildMeta":{"providedExports":true}},"../../node_modules/lodash/_wrapperClone.js":{"id":2589,"buildMeta":{"providedExports":true}},"../../node_modules/lodash/_getWrapDetails.js":{"id":2590,"buildMeta":{"providedExports":true}},"../../node_modules/lodash/_insertWrapDetails.js":{"id":2591,"buildMeta":{"providedExports":true}},"../../node_modules/lodash/_updateWrapDetails.js":{"id":2592,"buildMeta":{"providedExports":true}},"../../node_modules/lodash/_reorder.js":{"id":2593,"buildMeta":{"providedExports":true}},"../../node_modules/lodash/_createPartial.js":{"id":2594,"buildMeta":{"providedExports":true}},"../../node_modules/lodash/_mergeData.js":{"id":2595,"buildMeta":{"providedExports":true}},"../../node_modules/lodash-decorators/applicators/PartialValueApplicator.js":{"id":2596,"buildMeta":{"providedExports":true}},"../../node_modules/lodash-decorators/applicators/PostValueApplicator.js":{"id":2597,"buildMeta":{"providedExports":true}},"../../node_modules/lodash-decorators/applicators/PreValueApplicator.js":{"id":2598,"buildMeta":{"providedExports":true}},"../../node_modules/lodash-decorators/applicators/WrapApplicator.js":{"id":2599,"buildMeta":{"providedExports":true}},"../../node_modules/lodash-decorators/applicators/BindApplicator.js":{"id":2600,"buildMeta":{"providedExports":true}},"../../node_modules/lodash-decorators/applicators/InvokeApplicator.js":{"id":2601,"buildMeta":{"providedExports":true}},"../../node_modules/lodash-decorators/applicators/MemoizeApplicator.js":{"id":2602,"buildMeta":{"providedExports":true}},"../../node_modules/lodash-decorators/afterAll.js":{"id":2603,"buildMeta":{"providedExports":true}},"../../node_modules/lodash-decorators/ary.js":{"id":2604,"buildMeta":{"providedExports":true}},"../../node_modules/lodash-decorators/attempt.js":{"id":2605,"buildMeta":{"providedExports":true}},"../../node_modules/lodash-decorators/before.js":{"id":2606,"buildMeta":{"providedExports":true}},"../../node_modules/lodash-decorators/beforeAll.js":{"id":2607,"buildMeta":{"providedExports":true}},"../../node_modules/lodash/bind.js":{"id":2608,"buildMeta":{"providedExports":true}},"../../node_modules/lodash-decorators/bindAll.js":{"id":2609,"buildMeta":{"providedExports":true}},"../../node_modules/lodash-decorators/curry.js":{"id":2610,"buildMeta":{"providedExports":true}},"../../node_modules/lodash-decorators/curryAll.js":{"id":2611,"buildMeta":{"providedExports":true}},"../../node_modules/lodash-decorators/curryRight.js":{"id":2612,"buildMeta":{"providedExports":true}},"../../node_modules/lodash-decorators/curryRightAll.js":{"id":2613,"buildMeta":{"providedExports":true}},"../../node_modules/lodash-decorators/debounce.js":{"id":2614,"buildMeta":{"providedExports":true}},"../../node_modules/lodash-decorators/debounceAll.js":{"id":2615,"buildMeta":{"providedExports":true}},"../../node_modules/lodash-decorators/defer.js":{"id":2616,"buildMeta":{"providedExports":true}},"../../node_modules/lodash-decorators/delay.js":{"id":2617,"buildMeta":{"providedExports":true}},"../../node_modules/lodash/delay.js":{"id":2618,"buildMeta":{"providedExports":true}},"../../node_modules/lodash-decorators/flip.js":{"id":2619,"buildMeta":{"providedExports":true}},"../../node_modules/lodash/flip.js":{"id":2620,"buildMeta":{"providedExports":true}},"../../node_modules/lodash-decorators/flow.js":{"id":2621,"buildMeta":{"providedExports":true}},"../../node_modules/lodash/flow.js":{"id":2622,"buildMeta":{"providedExports":true}},"../../node_modules/lodash-decorators/flowRight.js":{"id":2623,"buildMeta":{"providedExports":true}},"../../node_modules/lodash/flowRight.js":{"id":2624,"buildMeta":{"providedExports":true}},"../../node_modules/lodash-decorators/memoize.js":{"id":2625,"buildMeta":{"providedExports":true}},"../../node_modules/lodash-decorators/memoizeAll.js":{"id":2626,"buildMeta":{"providedExports":true}},"../../node_modules/lodash-decorators/mixin.js":{"id":2627,"buildMeta":{"providedExports":true}},"../../node_modules/lodash/assign.js":{"id":2628,"buildMeta":{"providedExports":true}},"../../node_modules/lodash-decorators/negate.js":{"id":2629,"buildMeta":{"providedExports":true}},"../../node_modules/lodash-decorators/once.js":{"id":2630,"buildMeta":{"providedExports":true}},"../../node_modules/lodash/once.js":{"id":2631,"buildMeta":{"providedExports":true}},"../../node_modules/lodash-decorators/overArgs.js":{"id":2632,"buildMeta":{"providedExports":true}},"../../node_modules/lodash/overArgs.js":{"id":2633,"buildMeta":{"providedExports":true}},"../../node_modules/lodash/_castRest.js":{"id":2634,"buildMeta":{"providedExports":true}},"../../node_modules/lodash-decorators/partial.js":{"id":2635,"buildMeta":{"providedExports":true}},"../../node_modules/lodash-decorators/partialRight.js":{"id":2636,"buildMeta":{"providedExports":true}},"../../node_modules/lodash/partialRight.js":{"id":2637,"buildMeta":{"providedExports":true}},"../../node_modules/lodash-decorators/rearg.js":{"id":2638,"buildMeta":{"providedExports":true}},"../../node_modules/lodash/rearg.js":{"id":2639,"buildMeta":{"providedExports":true}},"../../node_modules/lodash-decorators/rest.js":{"id":2640,"buildMeta":{"providedExports":true}},"../../node_modules/lodash/rest.js":{"id":2641,"buildMeta":{"providedExports":true}},"../../node_modules/lodash-decorators/spread.js":{"id":2642,"buildMeta":{"providedExports":true}},"../../node_modules/lodash/spread.js":{"id":2643,"buildMeta":{"providedExports":true}},"../../node_modules/lodash-decorators/tap.js":{"id":2644,"buildMeta":{"providedExports":true}},"../../node_modules/lodash-decorators/throttle.js":{"id":2645,"buildMeta":{"providedExports":true}},"../../node_modules/lodash-decorators/throttleAll.js":{"id":2646,"buildMeta":{"providedExports":true}},"../../node_modules/lodash-decorators/unary.js":{"id":2647,"buildMeta":{"providedExports":true}},"../../node_modules/lodash/unary.js":{"id":2648,"buildMeta":{"providedExports":true}},"../../node_modules/lodash-decorators/wrap.js":{"id":2649,"buildMeta":{"providedExports":true}},"../../node_modules/lodash/wrap.js":{"id":2650,"buildMeta":{"providedExports":true}},"../../node_modules/react-intl-universal/lib/index.js":{"id":2651,"buildMeta":{"providedExports":true}},"../../node_modules/intl/index.js":{"id":2652,"buildMeta":{"providedExports":true}},"../../node_modules/intl/lib/core.js":{"id":2653,"buildMeta":{"providedExports":true}},"../../node_modules/intl-messageformat/index.js":{"id":2655,"buildMeta":{"providedExports":true}},"../../node_modules/intl-messageformat/lib/main.js":{"id":2656,"buildMeta":{"providedExports":true}},"../../node_modules/intl-messageformat/lib/core.js":{"id":2657,"buildMeta":{"providedExports":true}},"../../node_modules/intl-messageformat/lib/es5.js":{"id":2658,"buildMeta":{"providedExports":true}},"../../node_modules/intl-messageformat/lib/compiler.js":{"id":2659,"buildMeta":{"providedExports":true}},"../../node_modules/intl-messageformat-parser/index.js":{"id":2660,"buildMeta":{"providedExports":true}},"../../node_modules/intl-messageformat-parser/lib/parser.js":{"id":2661,"buildMeta":{"providedExports":true}},"../../node_modules/intl-messageformat/lib/en.js":{"id":2662,"buildMeta":{"providedExports":true}},"../../node_modules/escape-html/index.js":{"id":2664,"buildMeta":{"providedExports":true}},"../../node_modules/cookie/index.js":{"id":2665,"buildMeta":{"providedExports":true}},"../../node_modules/querystring-es3/index.js":{"id":2666,"buildMeta":{"providedExports":true}},"../../node_modules/querystring-es3/decode.js":{"id":2667,"buildMeta":{"providedExports":true}},"../../node_modules/querystring-es3/encode.js":{"id":2668,"buildMeta":{"providedExports":true}},"../../node_modules/load-script/index.js":{"id":2669,"buildMeta":{"providedExports":true}},"../../node_modules/console-polyfill/index.js":{"id":2670,"buildMeta":{"providedExports":true}},"../../node_modules/lodash.merge/index.js":{"id":2671,"buildMeta":{"providedExports":true}},"../../node_modules/is-electron/index.js":{"id":2672,"buildMeta":{"providedExports":true}},"../../node_modules/uuid/v4.js":{"id":2673,"buildMeta":{"providedExports":true}},"../../node_modules/uuid/lib/rng-browser.js":{"id":2674,"buildMeta":{"providedExports":true}},"../../node_modules/uuid/lib/bytesToUuid.js":{"id":2675,"buildMeta":{"providedExports":true}},"../../node_modules/numeral/numeral.js":{"id":2676,"buildMeta":{"providedExports":true}},"../../node_modules/react-cropper/dist/react-cropper.js":{"id":2677,"buildMeta":{"providedExports":true}}}}